identifiant_mesure,milieu,genotype,caractere,valeur,annee
m_1_2019,C1,nrt2.5*nrt2.6,primary_root_length,10.234,2019
m_2_2019,C1,nrt2.5*nrt2.6,primary_root_length,6.994,2019
m_3_2019,C1,nrt2.5*nrt2.6,primary_root_length,10.27,2019
m_4_2019,C1,nrt2.5*nrt2.6,primary_root_length,1.095,2019
m_5_2019,C1,nrt2.5*nrt2.6,primary_root_length,10.251,2019
m_6_2019,C1,nrt2.5*nrt2.6,primary_root_length,7.037,2019
m_7_2019,C1,nrt2.5*nrt2.6,primary_root_length,7.154,2019
m_8_2019,C1,nrt2.5*nrt2.6,primary_root_length,10.166,2019
m_9_2019,C1,nrt2.5*nrt2.6,primary_root_length,10.218,2019
m_10_2019,C1,nrt2.5*nrt2.6,primary_root_length,7.055,2019
m_11_2019,C1,nrt2.5*nrt2.6,primary_root_length,10.033,2019
m_12_2019,C1,nrt2.5*nrt2.6,primary_root_length,8.996,2019
m_13_2019,C1,nrt2.5*nrt2.6,primary_root_length,7.056,2019
m_14_2019,C1,nrt2.5*nrt2.6,primary_root_length,7.125,2019
m_15_2019,C1,nrt2.5*nrt2.6,primary_root_length,.822,2019
m_16_2019,C1,nrt2.5*nrt2.6,primary_root_length,10.026,2019
m_17_2019,C1,nrt2.5*nrt2.6,primary_root_length,4.657,2019
m_18_2019,C1,nrt2.5*nrt2.6,primary_root_length,2.948,2019
m_19_2019,C1,nrt2.5*nrt2.6,primary_root_length,4.498,2019
m_20_2019,C1,nrt2.5*nrt2.6,primary_root_length,7.755,2019
m_21_2019,C1,nrt2.5*nrt2.6,primary_root_length,5.359,2019
m_22_2019,C1,nrt2.5*nrt2.6,primary_root_length,7.856,2019
m_23_2019,C1,nrt2.5*nrt2.6,primary_root_length,6.277,2019
m_24_2019,C1,nrt2.5*nrt2.6,primary_root_length,8.198,2019
m_25_2019,C1,nrt2.5*nrt2.6,primary_root_length,7.24,2019
m_26_2019,C1,nrt2.5*nrt2.6,primary_root_length,5.906,2019
m_27_2019,C1,nrt2.5*nrt2.6,primary_root_length,7.56,2019
m_28_2019,C1,nrt2.5*nrt2.6,primary_root_length,1.199,2019
m_29_2019,C1,nrt2.5*nrt2.6,primary_root_length,8.564,2019
m_30_2019,C1,nrt2.5*nrt2.6,primary_root_length,7.361,2019
m_31_2019,C1,nrt2.5*nrt2.6,primary_root_length,2.65,2019
m_32_2019,C1,nrt2.5*nrt2.6,primary_root_length,11.115,2019
m_33_2019,C1,nrt2.5*nrt2.6,primary_root_length,7.528,2019
m_34_2019,C1,nrt2.5*nrt2.6,primary_root_length,8.599,2019
m_35_2019,C1,nrt2.5*nrt2.6,primary_root_length,8.072,2019
m_36_2019,C2,nrt2.5*nrt2.6,primary_root_length,10.706,2019
m_37_2019,C2,nrt2.5*nrt2.6,primary_root_length,8.094,2019
m_38_2019,C2,nrt2.5*nrt2.6,primary_root_length,4.849,2019
m_39_2019,C2,nrt2.5*nrt2.6,primary_root_length,11.187,2019
m_40_2019,C2,nrt2.5*nrt2.6,primary_root_length,7.735,2019
m_41_2019,C2,nrt2.5*nrt2.6,primary_root_length,7.245,2019
m_42_2019,C2,nrt2.5*nrt2.6,primary_root_length,7.901,2019
m_43_2019,C2,nrt2.5*nrt2.6,primary_root_length,11.437,2019
m_44_2019,C2,nrt2.5*nrt2.6,primary_root_length,8.299,2019
m_45_2019,C2,nrt2.5*nrt2.6,primary_root_length,8.814,2019
m_46_2019,C2,nrt2.5*nrt2.6,primary_root_length,10.301,2019
m_47_2019,C2,nrt2.5*nrt2.6,primary_root_length,8.093,2019
m_48_2019,C2,nrt2.5*nrt2.6,primary_root_length,5.838,2019
m_49_2019,C2,nrt2.5*nrt2.6,primary_root_length,6.834,2019
m_50_2019,C3,nrt2.5*nrt2.6,primary_root_length,9.946,2019
m_51_2019,C3,nrt2.5*nrt2.6,primary_root_length,6.582,2019
m_52_2019,C3,nrt2.5*nrt2.6,primary_root_length,2.908,2019
m_53_2019,C3,nrt2.5*nrt2.6,primary_root_length,5.198,2019
m_54_2019,C3,nrt2.5*nrt2.6,primary_root_length,3.355,2019
m_55_2019,C3,nrt2.5*nrt2.6,primary_root_length,8.067,2019
m_56_2019,C3,nrt2.5*nrt2.6,primary_root_length,8.966,2019
m_57_2019,C3,nrt2.5*nrt2.6,primary_root_length,5.539,2019
m_58_2019,C3,nrt2.5*nrt2.6,primary_root_length,1.224,2019
m_59_2019,C3,nrt2.5*nrt2.6,primary_root_length,7.523,2019
m_60_2019,C3,nrt2.5*nrt2.6,primary_root_length,3.968,2019
m_1_2021,C1,Col-0,primary_root_length,3.07,2021
m_2_2021,C1,Col-0,primary_root_length,7.41,2021
m_3_2021,C1,Col-0,primary_root_length,5.01,2021
m_4_2021,C1,Col-0,primary_root_length,2.88,2021
m_5_2021,C1,Col-0,primary_root_length,2.28,2021
m_6_2021,C1,Col-0,primary_root_length,3.75,2021
m_7_2021,C1,Col-0,primary_root_length,.59,2021
m_8_2021,C1,Col-0,primary_root_length,4.52,2021
m_9_2021,C1,Col-0,primary_root_length,5.33,2021
m_10_2021,C1,Col-0,primary_root_length,1.72,2021
m_11_2021,C1,Col-0,primary_root_length,1.54,2021
m_12_2021,C1,Col-0,primary_root_length,.35,2021
m_13_2021,C1,Col-0,primary_root_length,5.35,2021
m_14_2021,C1,Col-0,primary_root_length,3.46,2021
m_15_2021,C1,Col-0,primary_root_length,.4,2021
m_16_2021,C1,Col-0,primary_root_length,.77,2021
m_17_2021,C1,Col-0,primary_root_length,2.23,2021
m_18_2021,C1,Col-0,primary_root_length,.98,2021
m_19_2021,C1,Col-0,primary_root_length,4.4,2021
m_20_2021,C1,Col-0,primary_root_length,.85,2021
m_21_2021,C1,Col-0,primary_root_length,5.81,2021
m_22_2021,C1,Col-0,primary_root_length,.61,2021
m_23_2021,C1,Col-0,primary_root_length,.97,2021
m_24_2021,C1,Col-0,primary_root_length,.53,2021
m_25_2021,C2,Col-0,primary_root_length,4.78,2021
m_26_2021,C2,Col-0,primary_root_length,6.66,2021
m_27_2021,C2,Col-0,primary_root_length,2.49,2021
m_28_2021,C2,Col-0,primary_root_length,8.75,2021
m_29_2021,C2,Col-0,primary_root_length,6.39,2021
m_30_2021,C2,Col-0,primary_root_length,2.69,2021
m_31_2021,C2,Col-0,primary_root_length,2.17,2021
m_32_2021,C2,Col-0,primary_root_length,7.15,2021
m_33_2021,C2,Col-0,primary_root_length,9.59,2021
m_34_2021,C2,Col-0,primary_root_length,5.14,2021
m_35_2021,C2,Col-0,primary_root_length,5.15,2021
m_36_2021,C2,Col-0,primary_root_length,7.48,2021
m_37_2021,C2,Col-0,primary_root_length,2.31,2021
m_38_2021,C2,Col-0,primary_root_length,8.38,2021
m_39_2021,C2,Col-0,primary_root_length,2.13,2021
m_40_2021,C2,Col-0,primary_root_length,3.16,2021
m_41_2021,C2,Col-0,primary_root_length,2.34,2021
m_42_2021,C2,Col-0,primary_root_length,6.7,2021
m_43_2021,C2,Col-0,primary_root_length,2.07,2021
m_44_2021,C2,Col-0,primary_root_length,5.02,2021
m_45_2021,C2,Col-0,primary_root_length,4.61,2021
m_46_2021,C2,Col-0,primary_root_length,2.13,2021
m_47_2021,C2,Col-0,primary_root_length,2.01,2021
m_48_2021,C2,Col-0,primary_root_length,4.13,2021
m_49_2021,C2,Col-0,primary_root_length,4.78,2021
m_50_2021,C2,Col-0,primary_root_length,2.05,2021
m_51_2021,C2,Col-0,primary_root_length,8.15,2021
m_52_2021,C2,Col-0,primary_root_length,3.56,2021
m_53_2021,C2,Col-0,primary_root_length,4.85,2021
m_54_2021,C2,Col-0,primary_root_length,6.69,2021
m_55_2021,C2,Col-0,primary_root_length,2.22,2021
m_56_2021,C2,Col-0,primary_root_length,6.06,2021
m_57_2021,C3,Col-0,primary_root_length,.38,2021
m_58_2021,C3,Col-0,primary_root_length,.41,2021
m_59_2021,C3,Col-0,primary_root_length,1.24,2021
m_60_2021,C3,Col-0,primary_root_length,.64,2021
m_61_2021,C3,Col-0,primary_root_length,.21,2021
m_62_2021,C3,Col-0,primary_root_length,3.68,2021
m_63_2021,C3,Col-0,primary_root_length,2.02,2021
m_64_2021,C3,Col-0,primary_root_length,.55,2021
m_65_2021,C3,Col-0,primary_root_length,3.43,2021
m_66_2021,C3,Col-0,primary_root_length,3.01,2021
m_67_2021,C3,Col-0,primary_root_length,.57,2021
m_68_2021,C3,Col-0,primary_root_length,1.76,2021
m_69_2021,C3,Col-0,primary_root_length,1.59,2021
m_70_2021,C3,Col-0,primary_root_length,1.3,2021
m_71_2021,C3,Col-0,primary_root_length,1.69,2021
m_72_2021,C3,Col-0,primary_root_length,1.57,2021
m_73_2021,C3,Col-0,primary_root_length,.27,2021
m_74_2021,C3,Col-0,primary_root_length,1.77,2021
m_75_2021,C3,Col-0,primary_root_length,1.54,2021
m_76_2021,C4,Col-0,primary_root_length,4.3,2021
m_77_2021,C4,Col-0,primary_root_length,7.13,2021
m_78_2021,C4,Col-0,primary_root_length,6.5,2021
m_79_2021,C4,Col-0,primary_root_length,4.24,2021
m_80_2021,C4,Col-0,primary_root_length,6.03,2021
m_81_2021,C4,Col-0,primary_root_length,7.31,2021
m_82_2021,C4,Col-0,primary_root_length,.5,2021
m_83_2021,C4,Col-0,primary_root_length,8.12,2021
m_84_2021,C4,Col-0,primary_root_length,7.49,2021
m_85_2021,C4,Col-0,primary_root_length,5.6,2021
m_86_2021,C4,Col-0,primary_root_length,5.6,2021
m_87_2021,C4,Col-0,primary_root_length,6.07,2021
m_88_2021,C4,Col-0,primary_root_length,2.97,2021
m_89_2021,C4,Col-0,primary_root_length,2.05,2021
m_90_2021,C4,Col-0,primary_root_length,5.49,2021
m_91_2021,C4,Col-0,primary_root_length,6.69,2021
m_92_2021,C4,Col-0,primary_root_length,5.79,2021
m_93_2021,C4,Col-0,primary_root_length,3.44,2021
m_94_2021,C4,Col-0,primary_root_length,3.22,2021
m_95_2021,C4,Col-0,primary_root_length,8.09,2021
m_96_2021,C4,Col-0,primary_root_length,9.06,2021
m_97_2021,C4,Col-0,primary_root_length,3.74,2021
m_98_2021,C4,Col-0,primary_root_length,5.98,2021
m_99_2021,C4,Col-0,primary_root_length,6.51,2021
m_100_2021,C4,Col-0,primary_root_length,5.58,2021
m_101_2021,C4,Col-0,primary_root_length,7.1,2021
m_102_2021,C4,Col-0,primary_root_length,1.87,2021
m_103_2021,C4,Col-0,primary_root_length,6.84,2021
m_104_2021,C5,Col-0,primary_root_length,1.31,2021
m_105_2021,C5,Col-0,primary_root_length,2.26,2021
m_106_2021,C5,Col-0,primary_root_length,2.21,2021
m_107_2021,C5,Col-0,primary_root_length,1.67,2021
m_108_2021,C5,Col-0,primary_root_length,1.33,2021
m_109_2021,C5,Col-0,primary_root_length,1.37,2021
m_110_2021,C5,Col-0,primary_root_length,1.11,2021
m_111_2021,C5,Col-0,primary_root_length,1.42,2021
m_112_2021,C5,Col-0,primary_root_length,1.14,2021
m_113_2021,C5,Col-0,primary_root_length,2.24,2021
m_114_2021,C5,Col-0,primary_root_length,.69,2021
m_115_2021,C5,Col-0,primary_root_length,.72,2021
m_116_2021,C5,Col-0,primary_root_length,.59,2021
m_117_2021,C5,Col-0,primary_root_length,1.64,2021
m_118_2021,C5,Col-0,primary_root_length,1.28,2021
m_119_2021,C5,Col-0,primary_root_length,2.78,2021
m_120_2021,C5,Col-0,primary_root_length,1.32,2021
m_121_2021,C5,Col-0,primary_root_length,.79,2021
m_122_2021,C5,Col-0,primary_root_length,.34,2021
m_123_2021,C5,Col-0,primary_root_length,.68,2021
m_124_2021,C5,Col-0,primary_root_length,.97,2021
m_125_2021,C5,Col-0,primary_root_length,2.09,2021
m_126_2021,C5,Col-0,primary_root_length,.96,2021
m_127_2021,C5,Col-0,primary_root_length,1.51,2021
m_128_2021,C5,Col-0,primary_root_length,.42,2021
m_129_2021,C1,pgm,primary_root_length,.506,2021
m_130_2021,C1,pgm,primary_root_length,.552,2021
m_131_2021,C1,pgm,primary_root_length,.644,2021
m_132_2021,C1,pgm,primary_root_length,.726,2021
m_133_2021,C1,pgm,primary_root_length,.733,2021
m_134_2021,C1,pgm,primary_root_length,.749,2021
m_135_2021,C1,pgm,primary_root_length,.793,2021
m_136_2021,C1,pgm,primary_root_length,.833,2021
m_137_2021,C1,pgm,primary_root_length,.848,2021
m_138_2021,C1,pgm,primary_root_length,.913,2021
m_139_2021,C1,pgm,primary_root_length,.972,2021
m_140_2021,C1,pgm,primary_root_length,1.058,2021
m_141_2021,C1,pgm,primary_root_length,1.542,2021
m_142_2021,C1,pgm,primary_root_length,1.718,2021
m_143_2021,C1,pgm,primary_root_length,2.028,2021
m_144_2021,C2,pgm,primary_root_length,6.28,2021
m_145_2021,C2,pgm,primary_root_length,6.34,2021
m_146_2021,C2,pgm,primary_root_length,6.347,2021
m_147_2021,C2,pgm,primary_root_length,6.393,2021
m_148_2021,C2,pgm,primary_root_length,6.708,2021
m_149_2021,C2,pgm,primary_root_length,6.912,2021
m_150_2021,C2,pgm,primary_root_length,7.068,2021
m_151_2021,C2,pgm,primary_root_length,7.147,2021
m_152_2021,C2,pgm,primary_root_length,7.276,2021
m_153_2021,C2,pgm,primary_root_length,7.453,2021
m_154_2021,C2,pgm,primary_root_length,7.471,2021
m_155_2021,C2,pgm,primary_root_length,7.581,2021
m_156_2021,C2,pgm,primary_root_length,7.773,2021
m_157_2021,C2,pgm,primary_root_length,7.878,2021
m_158_2021,C2,pgm,primary_root_length,7.905,2021
m_159_2021,C3,pgm,primary_root_length,.127,2021
m_160_2021,C3,pgm,primary_root_length,.217,2021
m_161_2021,C3,pgm,primary_root_length,.372,2021
m_162_2021,C3,pgm,primary_root_length,.436,2021
m_163_2021,C3,pgm,primary_root_length,.459,2021
m_164_2021,C3,pgm,primary_root_length,.518,2021
m_165_2021,C3,pgm,primary_root_length,.519,2021
m_166_2021,C3,pgm,primary_root_length,.558,2021
m_167_2021,C3,pgm,primary_root_length,.618,2021
m_168_2021,C3,pgm,primary_root_length,.637,2021
m_169_2021,C3,pgm,primary_root_length,.658,2021
m_170_2021,C3,pgm,primary_root_length,.703,2021
m_171_2021,C3,pgm,primary_root_length,1.135,2021
m_172_2021,C3,pgm,primary_root_length,1.429,2021
m_173_2021,C3,pgm,primary_root_length,1.483,2021
m_174_2021,C4,pgm,primary_root_length,.497,2021
m_175_2021,C4,pgm,primary_root_length,1.87,2021
m_176_2021,C4,pgm,primary_root_length,2.054,2021
m_177_2021,C4,pgm,primary_root_length,2.971,2021
m_178_2021,C4,pgm,primary_root_length,3.222,2021
m_179_2021,C4,pgm,primary_root_length,3.44,2021
m_180_2021,C4,pgm,primary_root_length,3.739,2021
m_181_2021,C4,pgm,primary_root_length,4.239,2021
m_182_2021,C4,pgm,primary_root_length,4.301,2021
m_183_2021,C4,pgm,primary_root_length,5.494,2021
m_184_2021,C4,pgm,primary_root_length,5.575,2021
m_185_2021,C4,pgm,primary_root_length,5.599,2021
m_186_2021,C4,pgm,primary_root_length,5.603,2021
m_187_2021,C4,pgm,primary_root_length,5.786,2021
m_188_2021,C4,pgm,primary_root_length,5.979,2021
m_189_2021,C5,pgm,primary_root_length,2.034,2021
m_190_2021,C5,pgm,primary_root_length,2.037,2021
m_191_2021,C5,pgm,primary_root_length,2.113,2021
m_192_2021,C5,pgm,primary_root_length,2.269,2021
m_193_2021,C5,pgm,primary_root_length,2.274,2021
m_194_2021,C5,pgm,primary_root_length,2.324,2021
m_195_2021,C5,pgm,primary_root_length,2.472,2021
m_196_2021,C5,pgm,primary_root_length,2.533,2021
m_197_2021,C5,pgm,primary_root_length,2.56,2021
m_198_2021,C5,pgm,primary_root_length,2.608,2021
m_199_2021,C5,pgm,primary_root_length,2.733,2021
m_200_2021,C5,pgm,primary_root_length,2.767,2021
m_201_2021,C5,pgm,primary_root_length,2.788,2021
m_202_2021,C5,pgm,primary_root_length,2.818,2021
m_203_2021,C5,pgm,primary_root_length,2.837,2021
m_204_2021,C1,nrt2.5*nrt2.6,primary_root_length,6.588,2021
m_205_2021,C1,nrt2.5*nrt2.6,primary_root_length,6.274,2021
m_206_2021,C1,nrt2.5*nrt2.6,primary_root_length,10.51,2021
m_207_2021,C1,nrt2.5*nrt2.6,primary_root_length,10.363,2021
m_208_2021,C1,nrt2.5*nrt2.6,primary_root_length,5.363,2021
m_209_2021,C1,nrt2.5*nrt2.6,primary_root_length,9.625,2021
m_210_2021,C1,nrt2.5*nrt2.6,primary_root_length,10.123,2021
m_211_2021,C1,nrt2.5*nrt2.6,primary_root_length,6.589,2021
m_212_2021,C1,nrt2.5*nrt2.6,primary_root_length,5.361,2021
m_213_2021,C1,nrt2.5*nrt2.6,primary_root_length,9.836,2021
m_214_2021,C1,nrt2.5*nrt2.6,primary_root_length,5.975,2021
m_215_2021,C1,nrt2.5*nrt2.6,primary_root_length,10.343,2021
m_216_2021,C1,nrt2.5*nrt2.6,primary_root_length,6.206,2021
m_217_2021,C1,nrt2.5*nrt2.6,primary_root_length,10.447,2021
m_218_2021,C1,nrt2.5*nrt2.6,primary_root_length,6.593,2021
m_219_2021,C1,nrt2.5*nrt2.6,primary_root_length,6.561,2021
m_220_2021,C1,nrt2.5*nrt2.6,primary_root_length,6.394,2021
m_221_2021,C1,nrt2.5*nrt2.6,primary_root_length,5.964,2021
m_222_2021,C1,nrt2.5*nrt2.6,primary_root_length,9.82,2021
m_223_2021,C1,nrt2.5*nrt2.6,primary_root_length,5.785,2021
m_224_2021,C1,nrt2.5*nrt2.6,primary_root_length,2.73,2021
m_225_2021,C2,nrt2.5*nrt2.6,primary_root_length,11.044,2021
m_226_2021,C2,nrt2.5*nrt2.6,primary_root_length,6.992,2021
m_227_2021,C2,nrt2.5*nrt2.6,primary_root_length,6.805,2021
m_228_2021,C2,nrt2.5*nrt2.6,primary_root_length,7.96,2021
m_229_2021,C2,nrt2.5*nrt2.6,primary_root_length,7.316,2021
m_230_2021,C2,nrt2.5*nrt2.6,primary_root_length,6.042,2021
m_231_2021,C2,nrt2.5*nrt2.6,primary_root_length,6.657,2021
m_232_2021,C2,nrt2.5*nrt2.6,primary_root_length,7.5,2021
m_233_2021,C2,nrt2.5*nrt2.6,primary_root_length,7.251,2021
m_234_2021,C2,nrt2.5*nrt2.6,primary_root_length,11.242,2021
m_235_2021,C3,nrt2.5*nrt2.6,primary_root_length,6.704,2021
m_236_2021,C3,nrt2.5*nrt2.6,primary_root_length,9.653,2021
m_237_2021,C3,nrt2.5*nrt2.6,primary_root_length,6.571,2021
m_238_2021,C3,nrt2.5*nrt2.6,primary_root_length,6.443,2021
m_239_2021,C3,nrt2.5*nrt2.6,primary_root_length,8.424,2021
m_240_2021,C3,nrt2.5*nrt2.6,primary_root_length,5.737,2021
m_241_2021,C3,nrt2.5*nrt2.6,primary_root_length,9.399,2021
m_242_2021,C3,nrt2.5*nrt2.6,primary_root_length,6.239,2021
m_243_2021,C3,nrt2.5*nrt2.6,primary_root_length,9.793,2021
m_244_2021,C3,nrt2.5*nrt2.6,primary_root_length,10.546,2021
m_245_2021,C3,nrt2.5*nrt2.6,primary_root_length,13.674,2021
m_246_2021,C3,nrt2.5*nrt2.6,primary_root_length,6.428,2021
m_247_2021,C3,nrt2.5*nrt2.6,primary_root_length,6.1,2021
m_248_2021,C3,nrt2.5*nrt2.6,primary_root_length,6.639,2021
m_249_2021,C3,nrt2.5*nrt2.6,primary_root_length,8.086,2021
m_250_2021,C3,nrt2.5*nrt2.6,primary_root_length,10.489,2021
m_251_2021,C3,nrt2.5*nrt2.6,primary_root_length,4.514,2021
m_252_2021,C3,nrt2.5*nrt2.6,primary_root_length,5.604,2021
m_253_2021,C3,nrt2.5*nrt2.6,primary_root_length,6.424,2021
m_254_2021,C3,nrt2.5*nrt2.6,primary_root_length,6.108,2021
m_255_2021,C3,nrt2.5*nrt2.6,primary_root_length,4.522,2021
m_256_2021,C3,nrt2.5*nrt2.6,primary_root_length,6.162,2021
m_257_2021,C3,nrt2.5*nrt2.6,primary_root_length,6.577,2021
m_258_2021,C3,nrt2.5*nrt2.6,primary_root_length,7.441,2021
m_259_2021,C3,nrt2.5*nrt2.6,primary_root_length,6.254,2021
m_260_2021,C3,nrt2.5*nrt2.6,primary_root_length,6.384,2021
m_261_2021,C3,nrt2.5*nrt2.6,primary_root_length,8.069,2021
m_262_2021,C3,nrt2.5*nrt2.6,primary_root_length,7.995,2021
m_263_2021,C3,nrt2.5*nrt2.6,primary_root_length,4.206,2021
m_264_2021,C3,nrt2.5*nrt2.6,primary_root_length,6.19,2021
m_265_2021,C3,nrt2.5*nrt2.6,primary_root_length,6.942,2021
m_266_2021,C3,nrt2.5*nrt2.6,primary_root_length,7.456,2021
m_267_2021,C4,nrt2.5*nrt2.6,primary_root_length,7.309,2021
m_268_2021,C4,nrt2.5*nrt2.6,primary_root_length,7.286,2021
m_269_2021,C4,nrt2.5*nrt2.6,primary_root_length,11.513,2021
m_270_2021,C4,nrt2.5*nrt2.6,primary_root_length,11.171,2021
m_271_2021,C4,nrt2.5*nrt2.6,primary_root_length,7.007,2021
m_272_2021,C4,nrt2.5*nrt2.6,primary_root_length,11.344,2021
m_273_2021,C4,nrt2.5*nrt2.6,primary_root_length,7.003,2021
m_274_2021,C4,nrt2.5*nrt2.6,primary_root_length,6.737,2021
m_275_2021,C4,nrt2.5*nrt2.6,primary_root_length,11.059,2021
m_276_2021,C4,nrt2.5*nrt2.6,primary_root_length,7.157,2021
m_277_2021,C4,nrt2.5*nrt2.6,primary_root_length,6.803,2021
m_278_2021,C4,nrt2.5*nrt2.6,primary_root_length,7.051,2021
m_279_2021,C4,nrt2.5*nrt2.6,primary_root_length,10.891,2021
m_280_2021,C4,nrt2.5*nrt2.6,primary_root_length,9.798,2021
m_281_2021,C4,nrt2.5*nrt2.6,primary_root_length,4.385,2021
m_282_2021,C4,nrt2.5*nrt2.6,primary_root_length,6.129,2021
m_283_2021,C4,nrt2.5*nrt2.6,primary_root_length,7.278,2021
m_284_2021,C4,nrt2.5*nrt2.6,primary_root_length,9.527,2021
m_285_2021,C4,nrt2.5*nrt2.6,primary_root_length,8.016,2021
m_286_2021,C4,nrt2.5*nrt2.6,primary_root_length,11.763,2021
m_287_2021,C4,nrt2.5*nrt2.6,primary_root_length,7.921,2021
m_288_2021,C4,nrt2.5*nrt2.6,primary_root_length,11.326,2021
m_289_2021,C4,nrt2.5*nrt2.6,primary_root_length,6.997,2021
m_290_2021,C4,nrt2.5*nrt2.6,primary_root_length,7.495,2021
m_291_2021,C4,nrt2.5*nrt2.6,primary_root_length,10.761,2021
m_292_2021,C4,nrt2.5*nrt2.6,primary_root_length,7.412,2021
m_293_2021,C4,nrt2.5*nrt2.6,primary_root_length,6.91,2021
m_294_2021,C4,nrt2.5*nrt2.6,primary_root_length,6.778,2021
m_295_2021,C4,nrt2.5*nrt2.6,primary_root_length,10.167,2021
m_296_2021,C4,nrt2.5*nrt2.6,primary_root_length,3.564,2021
m_297_2021,C5,nrt2.5*nrt2.6,primary_root_length,5.212,2021
m_298_2021,C5,nrt2.5*nrt2.6,primary_root_length,4.728,2021
m_299_2021,C5,nrt2.5*nrt2.6,primary_root_length,6.283,2021
m_300_2021,C5,nrt2.5*nrt2.6,primary_root_length,5.266,2021
m_301_2021,C5,nrt2.5*nrt2.6,primary_root_length,4.249,2021
m_302_2021,C5,nrt2.5*nrt2.6,primary_root_length,5.294,2021
m_303_2021,C5,nrt2.5*nrt2.6,primary_root_length,5.97,2021
m_304_2021,C5,nrt2.5*nrt2.6,primary_root_length,5.014,2021
m_305_2021,C5,nrt2.5*nrt2.6,primary_root_length,4.021,2021
m_306_2021,C5,nrt2.5*nrt2.6,primary_root_length,4.503,2021
m_307_2021,C5,nrt2.5*nrt2.6,primary_root_length,4.028,2021
m_308_2021,C5,nrt2.5*nrt2.6,primary_root_length,4.326,2021
m_309_2021,C5,nrt2.5*nrt2.6,primary_root_length,6.624,2021
m_310_2021,C5,nrt2.5*nrt2.6,primary_root_length,5.533,2021
m_311_2021,C5,nrt2.5*nrt2.6,primary_root_length,4.415,2021
m_312_2021,C5,nrt2.5*nrt2.6,primary_root_length,6.085,2021
m_313_2021,C5,nrt2.5*nrt2.6,primary_root_length,4.41,2021
m_314_2021,C5,nrt2.5*nrt2.6,primary_root_length,6.542,2021
m_315_2021,C5,nrt2.5*nrt2.6,primary_root_length,4.339,2021
m_316_2021,C5,nrt2.5*nrt2.6,primary_root_length,6.927,2021
m_317_2021,C5,nrt2.5*nrt2.6,primary_root_length,4.827,2021
m_318_2021,C5,nrt2.5*nrt2.6,primary_root_length,4.398,2021
m_319_2021,C5,nrt2.5*nrt2.6,primary_root_length,6.231,2021
m_320_2021,C5,nrt2.5*nrt2.6,primary_root_length,3.676,2021
m_321_2021,C5,nrt2.5*nrt2.6,primary_root_length,4.494,2021

m_61_2019,C3,nrt2.5*nrt2.6,primary_root_length,3.79,2019
m_62_2019,C3,nrt2.5*nrt2.6,primary_root_length,5.045,2019
m_63_2019,C3,nrt2.5*nrt2.6,primary_root_length,1.063,2019
m_64_2019,C3,nrt2.5*nrt2.6,primary_root_length,5.985,2019
m_65_2019,C3,nrt2.5*nrt2.6,primary_root_length,5.358,2019
m_66_2019,C3,nrt2.5*nrt2.6,primary_root_length,4.772,2019
m_67_2019,C3,nrt2.5*nrt2.6,primary_root_length,5.999,2019
m_68_2019,C3,nrt2.5*nrt2.6,primary_root_length,7.847,2019
m_69_2019,C3,nrt2.5*nrt2.6,primary_root_length,7.848,2019
m_70_2019,C3,nrt2.5*nrt2.6,primary_root_length,10.909,2019
m_71_2019,C3,nrt2.5*nrt2.6,primary_root_length,5.945,2019
m_72_2019,C3,nrt2.5*nrt2.6,primary_root_length,4.749,2019
m_73_2019,C3,nrt2.5*nrt2.6,primary_root_length,1.624,2019
m_74_2019,C3,nrt2.5*nrt2.6,primary_root_length,.888,2019
m_75_2019,C3,nrt2.5*nrt2.6,primary_root_length,4.081,2019
m_76_2019,C3,nrt2.5*nrt2.6,primary_root_length,7.815,2019
m_77_2019,C3,nrt2.5*nrt2.6,primary_root_length,8.354,2019
m_78_2019,C3,nrt2.5*nrt2.6,primary_root_length,6.218,2019
m_79_2019,C3,nrt2.5*nrt2.6,primary_root_length,8.196,2019
m_80_2019,C3,nrt2.5*nrt2.6,primary_root_length,5.377,2019
m_81_2019,C3,nrt2.5*nrt2.6,primary_root_length,8.037,2019
m_82_2019,C3,nrt2.5*nrt2.6,primary_root_length,4.015,2019
m_83_2019,C3,nrt2.5*nrt2.6,primary_root_length,7.993,2019
m_84_2019,C3,nrt2.5*nrt2.6,primary_root_length,3.087,2019
m_85_2019,C3,nrt2.5*nrt2.6,primary_root_length,7.677,2019
m_86_2019,C3,nrt2.5*nrt2.6,primary_root_length,2.61,2019
m_87_2019,C3,nrt2.5*nrt2.6,primary_root_length,9.657,2019
m_88_2019,C3,nrt2.5*nrt2.6,primary_root_length,8.139,2019
m_89_2019,C3,nrt2.5*nrt2.6,primary_root_length,4.624,2019
m_90_2019,C3,nrt2.5*nrt2.6,primary_root_length,9.135,2019
m_91_2019,C3,nrt2.5*nrt2.6,primary_root_length,5.602,2019
m_92_2019,C3,nrt2.5*nrt2.6,primary_root_length,7.029,2019
m_93_2019,C3,nrt2.5*nrt2.6,primary_root_length,9.386,2019
m_94_2019,C3,nrt2.5*nrt2.6,primary_root_length,8.393,2019
m_95_2019,C3,nrt2.5*nrt2.6,primary_root_length,1.252,2019
m_96_2019,C3,nrt2.5*nrt2.6,primary_root_length,8.038,2019
m_97_2019,C3,nrt2.5*nrt2.6,primary_root_length,10.917,2019
m_98_2019,C3,nrt2.5*nrt2.6,primary_root_length,8.025,2019
m_99_2019,C4,nrt2.5*nrt2.6,primary_root_length,10.829,2019
m_100_2019,C4,nrt2.5*nrt2.6,primary_root_length,7.536,2019
m_101_2019,C4,nrt2.5*nrt2.6,primary_root_length,7.965,2019
m_102_2019,C4,nrt2.5*nrt2.6,primary_root_length,3.704,2019
m_103_2019,C4,nrt2.5*nrt2.6,primary_root_length,7.312,2019
m_104_2019,C4,nrt2.5*nrt2.6,primary_root_length,7.753,2019
m_105_2019,C4,nrt2.5*nrt2.6,primary_root_length,6.91,2019
m_106_2019,C4,nrt2.5*nrt2.6,primary_root_length,10.921,2019
m_107_2019,C4,nrt2.5*nrt2.6,primary_root_length,8.899,2019
m_108_2019,C4,nrt2.5*nrt2.6,primary_root_length,3.756,2019
m_109_2019,C4,nrt2.5*nrt2.6,primary_root_length,10.409,2019
m_110_2019,C4,nrt2.5*nrt2.6,primary_root_length,6.204,2019
m_111_2019,C4,nrt2.5*nrt2.6,primary_root_length,10.78,2019
m_112_2019,C4,nrt2.5*nrt2.6,primary_root_length,10.701,2019
m_113_2019,C4,nrt2.5*nrt2.6,primary_root_length,.054,2019
m_114_2019,C4,nrt2.5*nrt2.6,primary_root_length,6.853,2019
m_115_2019,C4,nrt2.5*nrt2.6,primary_root_length,6.146,2019
m_116_2019,C4,nrt2.5*nrt2.6,primary_root_length,6.869,2019
m_117_2019,C4,nrt2.5*nrt2.6,primary_root_length,4.443,2019
m_118_2019,C4,nrt2.5*nrt2.6,primary_root_length,6.87,2019
m_119_2019,C4,nrt2.5*nrt2.6,primary_root_length,5.134,2019
m_120_2019,C4,nrt2.5*nrt2.6,primary_root_length,6.175,2019
m_121_2019,C4,nrt2.5*nrt2.6,primary_root_length,10.077,2019
m_122_2019,C4,nrt2.5*nrt2.6,primary_root_length,6.493,2019
m_123_2019,C4,nrt2.5*nrt2.6,primary_root_length,9.999,2019
m_124_2019,C4,nrt2.5*nrt2.6,primary_root_length,10.166,2019
m_125_2019,C4,nrt2.5*nrt2.6,primary_root_length,7.127,2019
m_126_2019,C4,nrt2.5*nrt2.6,primary_root_length,6.844,2019
m_127_2019,C4,nrt2.5*nrt2.6,primary_root_length,10.317,2019
m_128_2019,C4,nrt2.5*nrt2.6,primary_root_length,10.897,2019
m_129_2019,C4,nrt2.5*nrt2.6,primary_root_length,7.091,2019
m_130_2019,C4,nrt2.5*nrt2.6,primary_root_length,5.175,2019
m_131_2019,C4,nrt2.5*nrt2.6,primary_root_length,10.168,2019
m_132_2019,C4,nrt2.5*nrt2.6,primary_root_length,6.706,2019
m_133_2019,C4,nrt2.5*nrt2.6,primary_root_length,5.855,2019
m_134_2019,C4,nrt2.5*nrt2.6,primary_root_length,8.18,2019
m_135_2019,C4,nrt2.5*nrt2.6,primary_root_length,9.71,2019
m_136_2019,C4,nrt2.5*nrt2.6,primary_root_length,4.63,2019
m_137_2019,C4,nrt2.5*nrt2.6,primary_root_length,6.534,2019
m_138_2019,C4,nrt2.5*nrt2.6,primary_root_length,5.049,2019
m_139_2019,C4,nrt2.5*nrt2.6,primary_root_length,4.07,2019
m_140_2019,C5,nrt2.5*nrt2.6,primary_root_length,6.705,2019
m_141_2019,C5,nrt2.5*nrt2.6,primary_root_length,6.962,2019
m_142_2019,C5,nrt2.5*nrt2.6,primary_root_length,5.678,2019
m_143_2019,C5,nrt2.5*nrt2.6,primary_root_length,6.927,2019
m_144_2019,C5,nrt2.5*nrt2.6,primary_root_length,5.106,2019
m_145_2019,C5,nrt2.5*nrt2.6,primary_root_length,7.159,2019
m_146_2019,C5,nrt2.5*nrt2.6,primary_root_length,6.961,2019
m_147_2019,C5,nrt2.5*nrt2.6,primary_root_length,6.904,2019
m_148_2019,C5,nrt2.5*nrt2.6,primary_root_length,.886,2019
m_149_2019,C5,nrt2.5*nrt2.6,primary_root_length,5.572,2019
m_150_2019,C5,nrt2.5*nrt2.6,primary_root_length,4.439,2019
m_151_2019,C5,nrt2.5*nrt2.6,primary_root_length,9.76,2019
m_152_2019,C5,nrt2.5*nrt2.6,primary_root_length,7.81,2019
m_153_2019,C5,nrt2.5*nrt2.6,primary_root_length,9.874,2019
m_154_2019,C5,nrt2.5*nrt2.6,primary_root_length,9.245,2019
m_155_2019,C5,nrt2.5*nrt2.6,primary_root_length,8.27,2019
m_156_2019,C5,nrt2.5*nrt2.6,primary_root_length,7.428,2019
m_157_2019,C5,nrt2.5*nrt2.6,primary_root_length,7.541,2019
m_158_2019,C5,nrt2.5*nrt2.6,primary_root_length,2.574,2019
m_159_2019,C5,nrt2.5*nrt2.6,primary_root_length,6.336,2019
m_160_2019,C5,nrt2.5*nrt2.6,primary_root_length,6.312,2019
m_161_2019,C5,nrt2.5*nrt2.6,primary_root_length,6.817,2019
m_162_2019,C5,nrt2.5*nrt2.6,primary_root_length,5.842,2019
m_163_2019,C5,nrt2.5*nrt2.6,primary_root_length,7.128,2019
m_164_2019,C5,nrt2.5*nrt2.6,primary_root_length,6.724,2019
m_165_2019,C5,nrt2.5*nrt2.6,primary_root_length,6.185,2019
m_166_2019,C5,nrt2.5*nrt2.6,primary_root_length,6.644,2019
m_167_2019,C5,nrt2.5*nrt2.6,primary_root_length,2.7,2019
m_168_2019,C5,nrt2.5*nrt2.6,primary_root_length,4.181,2019
m_169_2019,C5,nrt2.5*nrt2.6,primary_root_length,9.428,2019
m_170_2019,C5,nrt2.5*nrt2.6,primary_root_length,8.239,2019
m_171_2019,C5,nrt2.5*nrt2.6,primary_root_length,1.617,2019
m_172_2019,C5,nrt2.5*nrt2.6,primary_root_length,7.803,2019
m_173_2019,C5,nrt2.5*nrt2.6,primary_root_length,6.602,2019
m_174_2019,C5,nrt2.5*nrt2.6,primary_root_length,10.014,2019
m_175_2019,C5,nrt2.5*nrt2.6,primary_root_length,6.586,2019
m_176_2019,C5,nrt2.5*nrt2.6,primary_root_length,3.35,2019
m_177_2019,C5,nrt2.5*nrt2.6,primary_root_length,6.833,2019
m_178_2019,C5,nrt2.5*nrt2.6,primary_root_length,6.221,2019
m_179_2019,C5,nrt2.5*nrt2.6,primary_root_length,7.038,2019
m_180_2019,C5,nrt2.5*nrt2.6,primary_root_length,5.911,2019
m_181_2019,C5,nrt2.5*nrt2.6,primary_root_length,5.239,2019
m_182_2019,C5,nrt2.5*nrt2.6,primary_root_length,1.889,2019
m_183_2019,C5,nrt2.5*nrt2.6,primary_root_length,5.573,2019
m_184_2019,C5,nrt2.5*nrt2.6,primary_root_length,6.997,2019
m_185_2019,C5,nrt2.5*nrt2.6,primary_root_length,6.974,2019
m_186_2019,C5,nrt2.5*nrt2.6,primary_root_length,4.079,2019
m_187_2019,C5,nrt2.5*nrt2.6,primary_root_length,2.561,2019
m_188_2019,C5,nrt2.5*nrt2.6,primary_root_length,10.033,2019
m_189_2019,C5,nrt2.5*nrt2.6,primary_root_length,7.492,2019
m_190_2019,C5,nrt2.5*nrt2.6,primary_root_length,5.672,2019
m_191_2019,C5,nrt2.5*nrt2.6,primary_root_length,5.355,2019
m_192_2019,C5,nrt2.5*nrt2.6,primary_root_length,8.98,2019
m_193_2019,C5,nrt2.5*nrt2.6,primary_root_length,9.164,2019
m_194_2019,C1,sex1,primary_root_length,.438,2019
m_195_2019,C1,sex1,primary_root_length,.103,2019
m_196_2019,C1,sex1,primary_root_length,1.273,2019
m_197_2019,C1,sex1,primary_root_length,.477,2019
m_198_2019,C1,sex1,primary_root_length,2.799,2019
m_199_2019,C1,sex1,primary_root_length,1.016,2019
m_200_2019,C1,sex1,primary_root_length,.18,2019
m_201_2019,C1,sex1,primary_root_length,.37,2019
m_202_2019,C1,sex1,primary_root_length,.503,2019
m_203_2019,C1,sex1,primary_root_length,.592,2019
m_204_2019,C1,sex1,primary_root_length,.26,2019
m_205_2019,C1,sex1,primary_root_length,.2,2019
m_206_2019,C1,sex1,primary_root_length,.085,2019
m_207_2019,C1,sex1,primary_root_length,.493,2019
m_208_2019,C1,sex1,primary_root_length,.431,2019
m_209_2019,C1,sex1,primary_root_length,.571,2019
m_210_2019,C1,sex1,primary_root_length,.577,2019
m_211_2019,C1,sex1,primary_root_length,1.573,2019
m_212_2019,C1,sex1,primary_root_length,1.336,2019
m_213_2019,C1,sex1,primary_root_length,.638,2019
m_214_2019,C1,sex1,primary_root_length,.376,2019
m_215_2019,C1,sex1,primary_root_length,.494,2019
m_216_2019,C1,sex1,primary_root_length,2.308,2019
m_217_2019,C1,sex1,primary_root_length,1.318,2019
m_218_2019,C1,sex1,primary_root_length,.874,2019
m_219_2019,C1,sex1,primary_root_length,.362,2019
m_220_2019,C1,sex1,primary_root_length,.244,2019
m_221_2019,C1,sex1,primary_root_length,.283,2019
m_222_2019,C1,sex1,primary_root_length,.176,2019
m_223_2019,C1,sex1,primary_root_length,1.294,2019
m_224_2019,C1,sex1,primary_root_length,.321,2019
m_225_2019,C1,sex1,primary_root_length,1.44,2019
m_226_2019,C1,sex1,primary_root_length,1.081,2019
m_227_2019,C1,sex1,primary_root_length,.491,2019
m_228_2019,C1,sex1,primary_root_length,.231,2019
m_229_2019,C2,sex1,primary_root_length,5.247,2019
m_230_2019,C2,sex1,primary_root_length,7.548,2019
m_231_2019,C2,sex1,primary_root_length,7.609,2019
m_232_2019,C2,sex1,primary_root_length,6.224,2019
m_233_2019,C2,sex1,primary_root_length,4.782,2019
m_234_2019,C2,sex1,primary_root_length,7.511,2019
m_235_2019,C2,sex1,primary_root_length,5.8,2019
m_236_2019,C2,sex1,primary_root_length,6.883,2019
m_237_2019,C2,sex1,primary_root_length,5.168,2019
m_238_2019,C2,sex1,primary_root_length,4.428,2019
m_239_2019,C2,sex1,primary_root_length,6.876,2019
m_240_2019,C2,sex1,primary_root_length,4.823,2019
m_241_2019,C2,sex1,primary_root_length,7.438,2019
m_242_2019,C2,sex1,primary_root_length,3.568,2019
m_243_2019,C2,sex1,primary_root_length,10.336,2019
m_244_2019,C2,sex1,primary_root_length,7.06,2019
m_245_2019,C2,sex1,primary_root_length,7.818,2019
m_246_2019,C2,sex1,primary_root_length,8.181,2019
m_247_2019,C2,sex1,primary_root_length,4.471,2019
m_248_2019,C2,sex1,primary_root_length,6.329,2019
m_249_2019,C2,sex1,primary_root_length,10.197,2019
m_250_2019,C2,sex1,primary_root_length,7.554,2019
m_251_2019,C2,sex1,primary_root_length,8.743,2019
m_252_2019,C2,sex1,primary_root_length,7.342,2019
m_253_2019,C2,sex1,primary_root_length,3.895,2019
m_254_2019,C2,sex1,primary_root_length,8.365,2019
m_255_2019,C2,sex1,primary_root_length,1.698,2019
m_256_2019,C2,sex1,primary_root_length,6.181,2019
m_257_2019,C3,sex1,primary_root_length,.13,2019
m_258_2019,C3,sex1,primary_root_length,.436,2019
m_259_2019,C3,sex1,primary_root_length,.095,2019
m_260_2019,C3,sex1,primary_root_length,1.023,2019
m_261_2019,C3,sex1,primary_root_length,.93,2019
m_262_2019,C3,sex1,primary_root_length,.406,2019
m_263_2019,C3,sex1,primary_root_length,1.017,2019
m_264_2019,C3,sex1,primary_root_length,.085,2019
m_265_2019,C3,sex1,primary_root_length,7.072,2019
m_266_2019,C3,sex1,primary_root_length,.339,2019
m_267_2019,C3,sex1,primary_root_length,.31,2019
m_268_2019,C3,sex1,primary_root_length,.952,2019
m_269_2019,C3,sex1,primary_root_length,.132,2019
m_270_2019,C3,sex1,primary_root_length,4.553,2019
m_271_2019,C3,sex1,primary_root_length,.298,2019
m_272_2019,C3,sex1,primary_root_length,2.068,2019
m_273_2019,C3,sex1,primary_root_length,.611,2019
m_274_2019,C3,sex1,primary_root_length,.174,2019
m_275_2019,C3,sex1,primary_root_length,.225,2019
m_276_2019,C3,sex1,primary_root_length,3.342,2019
m_277_2019,C3,sex1,primary_root_length,.066,2019
m_278_2019,C3,sex1,primary_root_length,2.266,2019
m_279_2019,C3,sex1,primary_root_length,2.636,2019
m_280_2019,C3,sex1,primary_root_length,.295,2019
m_281_2019,C3,sex1,primary_root_length,.905,2019
m_282_2019,C3,sex1,primary_root_length,.483,2019
m_283_2019,C3,sex1,primary_root_length,.068,2019
m_284_2019,C3,sex1,primary_root_length,.478,2019
m_285_2019,C3,sex1,primary_root_length,.745,2019
m_286_2019,C3,sex1,primary_root_length,.583,2019
m_287_2019,C4,sex1,primary_root_length,7.792,2019
m_288_2019,C4,sex1,primary_root_length,1.35,2019
m_289_2019,C4,sex1,primary_root_length,5.431,2019
m_290_2019,C4,sex1,primary_root_length,1.893,2019
m_291_2019,C4,sex1,primary_root_length,8.56,2019
m_292_2019,C4,sex1,primary_root_length,4.958,2019
m_293_2019,C4,sex1,primary_root_length,10.726,2019
m_294_2019,C4,sex1,primary_root_length,4.12,2019
m_295_2019,C4,sex1,primary_root_length,9.264,2019
m_296_2019,C4,sex1,primary_root_length,5.578,2019
m_297_2019,C4,sex1,primary_root_length,8.648,2019
m_298_2019,C4,sex1,primary_root_length,6.077,2019
m_299_2019,C4,sex1,primary_root_length,8.923,2019
m_300_2019,C4,sex1,primary_root_length,8.254,2019
m_301_2019,C4,sex1,primary_root_length,2.468,2019
m_302_2019,C4,sex1,primary_root_length,7.336,2019
m_303_2019,C4,sex1,primary_root_length,7.105,2019
m_304_2019,C4,sex1,primary_root_length,5.618,2019
m_305_2019,C4,sex1,primary_root_length,6.383,2019
m_306_2019,C4,sex1,primary_root_length,7.256,2019
m_307_2019,C4,sex1,primary_root_length,6.068,2019
m_308_2019,C4,sex1,primary_root_length,10.057,2019
m_309_2019,C1,Col-0,primary_root_length,3.176,2019
m_310_2019,C1,Col-0,primary_root_length,1.525,2019
m_311_2019,C1,Col-0,primary_root_length,1.134,2019
m_312_2019,C1,Col-0,primary_root_length,.816,2019
m_313_2019,C1,Col-0,primary_root_length,5.99,2019
m_314_2019,C1,Col-0,primary_root_length,6.638,2019
m_315_2019,C1,Col-0,primary_root_length,6.407,2019
m_316_2019,C1,Col-0,primary_root_length,4.743,2019
m_317_2019,C1,Col-0,primary_root_length,6.232,2019
m_318_2019,C1,Col-0,primary_root_length,7.076,2019
m_319_2019,C1,Col-0,primary_root_length,7.379,2019
m_320_2019,C1,Col-0,primary_root_length,10.335,2019
m_321_2019,C1,Col-0,primary_root_length,10.417,2019
m_322_2019,C1,Col-0,primary_root_length,11.232,2019
m_323_2019,C1,Col-0,primary_root_length,5.319,2019
m_324_2019,C1,Col-0,primary_root_length,10.171,2019
m_325_2019,C1,Col-0,primary_root_length,.873,2019
m_326_2019,C1,Col-0,primary_root_length,10.206,2019
m_327_2019,C1,Col-0,primary_root_length,8.004,2019
m_328_2019,C1,Col-0,primary_root_length,3.832,2019
m_329_2019,C1,Col-0,primary_root_length,1.143,2019
m_330_2019,C1,Col-0,primary_root_length,6.391,2019
m_331_2019,C1,Col-0,primary_root_length,.848,2019
m_332_2019,C1,Col-0,primary_root_length,2.461,2019
m_333_2019,C1,Col-0,primary_root_length,.487,2019
m_334_2019,C1,Col-0,primary_root_length,7.081,2019
m_335_2019,C1,Col-0,primary_root_length,5.739,2019
m_336_2019,C1,Col-0,primary_root_length,.761,2019
m_337_2019,C1,Col-0,primary_root_length,1.895,2019
m_338_2019,C1,Col-0,primary_root_length,10.62,2019
m_339_2019,C1,Col-0,primary_root_length,4.184,2019
m_340_2019,C1,Col-0,primary_root_length,2.664,2019
m_341_2019,C1,Col-0,primary_root_length,10.239,2019
m_342_2019,C1,Col-0,primary_root_length,4.371,2019
m_343_2019,C1,Col-0,primary_root_length,5.218,2019
m_344_2019,C1,Col-0,primary_root_length,2.638,2019
m_345_2019,C1,Col-0,primary_root_length,9.805,2019
m_346_2019,C1,Col-0,primary_root_length,3.108,2019
m_347_2019,C1,Col-0,primary_root_length,10.268,2019
m_348_2019,C1,Col-0,primary_root_length,4.474,2019
m_349_2019,C2,Col-0,primary_root_length,6.252,2019
m_350_2019,C2,Col-0,primary_root_length,6.881,2019
m_351_2019,C2,Col-0,primary_root_length,7.523,2019
m_352_2019,C2,Col-0,primary_root_length,7.57,2019
m_353_2019,C2,Col-0,primary_root_length,7.002,2019
m_354_2019,C2,Col-0,primary_root_length,7.35,2019
m_355_2019,C2,Col-0,primary_root_length,7.622,2019
m_356_2019,C2,Col-0,primary_root_length,7.557,2019
m_357_2019,C2,Col-0,primary_root_length,5.396,2019
m_358_2019,C2,Col-0,primary_root_length,7.557,2019
m_359_2019,C2,Col-0,primary_root_length,1.006,2019
m_360_2019,C2,Col-0,primary_root_length,9.864,2019
m_361_2019,C2,Col-0,primary_root_length,3.614,2019
m_362_2019,C2,Col-0,primary_root_length,7.051,2019
m_363_2019,C2,Col-0,primary_root_length,10.015,2019
m_364_2019,C2,Col-0,primary_root_length,4.442,2019
m_365_2019,C2,Col-0,primary_root_length,8.147,2019
m_366_2019,C2,Col-0,primary_root_length,5.105,2019
m_367_2019,C2,Col-0,primary_root_length,5.654,2019
m_368_2019,C2,Col-0,primary_root_length,7.032,2019
m_369_2019,C2,Col-0,primary_root_length,8.044,2019
m_370_2019,C2,Col-0,primary_root_length,5.181,2019
m_371_2019,C2,Col-0,primary_root_length,7.885,2019
m_372_2019,C2,Col-0,primary_root_length,8.202,2019
m_373_2019,C2,Col-0,primary_root_length,8.104,2019
m_374_2019,C2,Col-0,primary_root_length,8.136,2019
m_375_2019,C2,Col-0,primary_root_length,7.013,2019
m_376_2019,C2,Col-0,primary_root_length,7.844,2019
m_377_2019,C2,Col-0,primary_root_length,8.617,2019
m_378_2019,C2,Col-0,primary_root_length,6.072,2019
m_379_2019,C2,Col-0,primary_root_length,11.356,2019
m_380_2019,C2,Col-0,primary_root_length,3.524,2019
m_381_2019,C2,Col-0,primary_root_length,9.238,2019
m_382_2019,C2,Col-0,primary_root_length,10.172,2019
m_383_2019,C2,Col-0,primary_root_length,6.167,2019
m_384_2019,C2,Col-0,primary_root_length,3.573,2019
m_385_2019,C3,Col-0,primary_root_length,3.936,2019
m_386_2019,C3,Col-0,primary_root_length,1.6,2019
m_387_2019,C3,Col-0,primary_root_length,2.635,2019
m_388_2019,C3,Col-0,primary_root_length,9.203,2019
m_389_2019,C3,Col-0,primary_root_length,6.255,2019
m_390_2019,C3,Col-0,primary_root_length,10.311,2019
m_391_2019,C3,Col-0,primary_root_length,5.55,2019
m_392_2019,C3,Col-0,primary_root_length,4.089,2019
m_393_2019,C3,Col-0,primary_root_length,9.681,2019
m_394_2019,C3,Col-0,primary_root_length,.607,2019
m_395_2019,C3,Col-0,primary_root_length,.2,2019
m_396_2019,C3,Col-0,primary_root_length,2.159,2019
m_397_2019,C3,Col-0,primary_root_length,10.313,2019
m_398_2019,C3,Col-0,primary_root_length,.835,2019
m_399_2019,C3,Col-0,primary_root_length,6.527,2019
m_400_2019,C3,Col-0,primary_root_length,.151,2019
m_401_2019,C3,Col-0,primary_root_length,3.64,2019
m_402_2019,C3,Col-0,primary_root_length,.913,2019
m_403_2019,C3,Col-0,primary_root_length,.185,2019
m_404_2019,C3,Col-0,primary_root_length,3.273,2019
m_405_2019,C3,Col-0,primary_root_length,5.654,2019
m_406_2019,C3,Col-0,primary_root_length,5.167,2019
m_407_2019,C3,Col-0,primary_root_length,5.981,2019
m_408_2019,C3,Col-0,primary_root_length,.208,2019
m_409_2019,C3,Col-0,primary_root_length,.105,2019
m_410_2019,C3,Col-0,primary_root_length,4.429,2019
m_411_2019,C3,Col-0,primary_root_length,7.081,2019
m_412_2019,C3,Col-0,primary_root_length,.252,2019
m_413_2019,C3,Col-0,primary_root_length,6.821,2019
m_414_2019,C3,Col-0,primary_root_length,7.095,2019
m_415_2019,C3,Col-0,primary_root_length,3.687,2019
m_416_2019,C3,Col-0,primary_root_length,7.154,2019
m_417_2019,C3,Col-0,primary_root_length,4.692,2019
m_418_2019,C3,Col-0,primary_root_length,2.516,2019
m_419_2019,C3,Col-0,primary_root_length,4.638,2019
m_420_2019,C3,Col-0,primary_root_length,3.849,2019
m_421_2019,C3,Col-0,primary_root_length,.725,2019
m_422_2019,C3,Col-0,primary_root_length,3.384,2019
m_423_2019,C3,Col-0,primary_root_length,.894,2019
m_424_2019,C3,Col-0,primary_root_length,.209,2019
m_425_2019,C4,Col-0,primary_root_length,8.186,2019
m_426_2019,C4,Col-0,primary_root_length,4.757,2019
m_427_2019,C4,Col-0,primary_root_length,5.477,2019
m_428_2019,C4,Col-0,primary_root_length,8.22,2019
m_429_2019,C4,Col-0,primary_root_length,8.288,2019
m_430_2019,C4,Col-0,primary_root_length,5.186,2019
m_431_2019,C4,Col-0,primary_root_length,8.229,2019
m_432_2019,C4,Col-0,primary_root_length,10.914,2019
m_433_2019,C4,Col-0,primary_root_length,8.511,2019
m_434_2019,C4,Col-0,primary_root_length,6.996,2019
m_435_2019,C4,Col-0,primary_root_length,8.326,2019
m_436_2019,C4,Col-0,primary_root_length,10.303,2019
m_437_2019,C4,Col-0,primary_root_length,8.103,2019
m_438_2019,C4,Col-0,primary_root_length,10.854,2019
m_439_2019,C4,Col-0,primary_root_length,8.486,2019
m_440_2019,C4,Col-0,primary_root_length,8.272,2019
m_441_2019,C4,Col-0,primary_root_length,8.157,2019
m_442_2019,C4,Col-0,primary_root_length,9.149,2019
m_443_2019,C4,Col-0,primary_root_length,8.188,2019
m_444_2019,C4,Col-0,primary_root_length,5.422,2019
m_445_2019,C4,Col-0,primary_root_length,5.182,2019
m_446_2019,C4,Col-0,primary_root_length,8.219,2019
m_447_2019,C4,Col-0,primary_root_length,8.116,2019
m_448_2019,C4,Col-0,primary_root_length,8.456,2019
m_449_2019,C4,Col-0,primary_root_length,10.677,2019
m_450_2019,C4,Col-0,primary_root_length,8.365,2019
m_451_2019,C4,Col-0,primary_root_length,10.808,2019
m_452_2019,C4,Col-0,primary_root_length,10.196,2019
m_453_2019,C4,Col-0,primary_root_length,7.718,2019
m_454_2019,C4,Col-0,primary_root_length,11.599,2019
m_455_2019,C4,Col-0,primary_root_length,2.645,2019
m_456_2019,C4,Col-0,primary_root_length,8.163,2019
m_457_2019,C5,Col-0,primary_root_length,3.328,2019
m_458_2019,C5,Col-0,primary_root_length,4.796,2019
m_459_2019,C5,Col-0,primary_root_length,7.124,2019
m_460_2019,C5,Col-0,primary_root_length,3.486,2019
m_461_2019,C5,Col-0,primary_root_length,3.661,2019
m_462_2019,C5,Col-0,primary_root_length,2.217,2019
m_463_2019,C5,Col-0,primary_root_length,2.746,2019
m_464_2019,C5,Col-0,primary_root_length,3.269,2019
m_465_2019,C5,Col-0,primary_root_length,1.918,2019
m_466_2019,C5,Col-0,primary_root_length,4.307,2019
m_467_2019,C5,Col-0,primary_root_length,3.56,2019
m_468_2019,C5,Col-0,primary_root_length,1.375,2019
m_469_2019,C5,Col-0,primary_root_length,1.488,2019
m_470_2019,C5,Col-0,primary_root_length,4.375,2019
m_471_2019,C5,Col-0,primary_root_length,4.457,2019
m_472_2019,C5,Col-0,primary_root_length,2.049,2019
m_473_2019,C5,Col-0,primary_root_length,5.235,2019
m_474_2019,C5,Col-0,primary_root_length,4.885,2019
m_475_2019,C5,Col-0,primary_root_length,2.586,2019
m_476_2019,C5,Col-0,primary_root_length,2.626,2019
m_477_2019,C5,Col-0,primary_root_length,4.365,2019
m_478_2019,C5,Col-0,primary_root_length,.107,2019
m_479_2019,C5,Col-0,primary_root_length,5.829,2019
m_480_2019,C5,Col-0,primary_root_length,3.467,2019
m_481_2019,C5,Col-0,primary_root_length,3.724,2019
m_482_2019,C5,Col-0,primary_root_length,.103,2019
m_483_2019,C5,Col-0,primary_root_length,3.937,2019
m_484_2019,C5,Col-0,primary_root_length,1.551,2019
m_485_2019,C5,Col-0,primary_root_length,4.87,2019
m_486_2019,C5,Col-0,primary_root_length,4.444,2019
m_487_2019,C5,Col-0,primary_root_length,.45,2019
m_488_2019,C5,Col-0,primary_root_length,3.908,2019
m_489_2019,C5,Col-0,primary_root_length,2.146,2019
m_490_2019,C5,Col-0,primary_root_length,5.608,2019
m_491_2019,C5,Col-0,primary_root_length,1.836,2019
m_492_2019,C5,Col-0,primary_root_length,4.416,2019
m_493_2019,C5,Col-0,primary_root_length,1.942,2019
m_494_2019,C5,Col-0,primary_root_length,5.351,2019
m_495_2019,C1,nrt2.5*nrt2.6,primary_root_length,11.163,2019
m_496_2019,C1,nrt2.5*nrt2.6,primary_root_length,7.419,2019
m_497_2019,C1,nrt2.5*nrt2.6,primary_root_length,7.537,2019
m_498_2019,C1,nrt2.5*nrt2.6,primary_root_length,7.38,2019
m_499_2019,C1,nrt2.5*nrt2.6,primary_root_length,7.545,2019
m_500_2019,C1,nrt2.5*nrt2.6,primary_root_length,10.897,2019
m_501_2019,C1,nrt2.5*nrt2.6,primary_root_length,7.259,2019
m_502_2019,C1,nrt2.5*nrt2.6,primary_root_length,6.605,2019
m_503_2019,C1,nrt2.5*nrt2.6,primary_root_length,4.745,2019
m_504_2019,C1,nrt2.5*nrt2.6,primary_root_length,6.39,2019
m_505_2019,C1,nrt2.5*nrt2.6,primary_root_length,4.319,2019
m_506_2019,C1,nrt2.5*nrt2.6,primary_root_length,10.711,2019
m_507_2019,C1,nrt2.5*nrt2.6,primary_root_length,7.228,2019
m_508_2019,C1,nrt2.5*nrt2.6,primary_root_length,4.202,2019
m_509_2019,C1,nrt2.5*nrt2.6,primary_root_length,7.343,2019
m_510_2019,C1,nrt2.5*nrt2.6,primary_root_length,6.559,2019
m_511_2019,C1,nrt2.5*nrt2.6,primary_root_length,6.216,2019
m_512_2019,C1,nrt2.5*nrt2.6,primary_root_length,2.454,2019
m_513_2019,C1,nrt2.5*nrt2.6,primary_root_length,5.318,2019
m_514_2019,C1,nrt2.5*nrt2.6,primary_root_length,4.449,2019
m_515_2019,C1,nrt2.5*nrt2.6,primary_root_length,10.499,2019
m_516_2019,C1,nrt2.5*nrt2.6,primary_root_length,7.023,2019
m_517_2019,C1,nrt2.5*nrt2.6,primary_root_length,7.229,2019
m_518_2019,C4,sex1,primary_root_length,2.12,2019
m_519_2019,C4,sex1,primary_root_length,8.314,2019
m_520_2019,C4,sex1,primary_root_length,6.872,2019
m_521_2019,C4,sex1,primary_root_length,8.864,2019
m_522_2019,C4,sex1,primary_root_length,5.391,2019
m_523_2019,C4,sex1,primary_root_length,7.444,2019
m_524_2019,C4,sex1,primary_root_length,8.845,2019
m_525_2019,C4,sex1,primary_root_length,10.398,2019
m_526_2019,C4,sex1,primary_root_length,7.745,2019
m_527_2019,C4,sex1,primary_root_length,3.295,2019
m_528_2019,C4,sex1,primary_root_length,1.072,2019
m_529_2019,C4,sex1,primary_root_length,6.838,2019
m_530_2019,C5,sex1,primary_root_length,1.347,2019
m_531_2019,C5,sex1,primary_root_length,.231,2019
m_532_2019,C5,sex1,primary_root_length,.584,2019
m_533_2019,C5,sex1,primary_root_length,3.874,2019
m_534_2019,C5,sex1,primary_root_length,.155,2019
m_535_2019,C5,sex1,primary_root_length,.188,2019
m_536_2019,C5,sex1,primary_root_length,5.987,2019
m_537_2019,C5,sex1,primary_root_length,.803,2019
m_538_2019,C5,sex1,primary_root_length,.955,2019
m_539_2019,C5,sex1,primary_root_length,.55,2019
m_540_2019,C5,sex1,primary_root_length,.896,2019
m_541_2019,C5,sex1,primary_root_length,.465,2019
m_542_2019,C5,sex1,primary_root_length,6.41,2019
m_543_2019,C5,sex1,primary_root_length,.46,2019
m_544_2019,C5,sex1,primary_root_length,2.292,2019
m_545_2019,C5,sex1,primary_root_length,3.073,2019
m_546_2019,C5,sex1,primary_root_length,.303,2019
m_547_2019,C5,sex1,primary_root_length,.455,2019
m_548_2019,C5,sex1,primary_root_length,.191,2019
m_549_2019,C5,sex1,primary_root_length,4.779,2019
m_550_2019,C5,sex1,primary_root_length,.957,2019
m_551_2019,C5,sex1,primary_root_length,.218,2019
m_552_2019,C5,sex1,primary_root_length,.809,2019
m_553_2019,C5,sex1,primary_root_length,.415,2019
m_554_2019,C5,sex1,primary_root_length,1.35,2019
m_555_2019,C5,sex1,primary_root_length,5.374,2019
m_556_2019,C5,sex1,primary_root_length,.254,2019
m_557_2019,C5,sex1,primary_root_length,.414,2019
m_558_2019,C5,sex1,primary_root_length,.821,2019
m_559_2019,C5,sex1,primary_root_length,.701,2019
m_560_2019,C5,sex1,primary_root_length,.524,2019
m_561_2019,C5,sex1,primary_root_length,.123,2019
m_562_2019,C5,sex1,primary_root_length,.369,2019
m_563_2019,C5,sex1,primary_root_length,.894,2019
m_564_2019,C1,pgm,primary_root_length,.839,2019
m_565_2019,C1,pgm,primary_root_length,10.159,2019
m_566_2019,C1,pgm,primary_root_length,5.238,2019
m_567_2019,C1,pgm,primary_root_length,.507,2019
m_568_2019,C1,pgm,primary_root_length,1.05,2019
m_569_2019,C1,pgm,primary_root_length,9.552,2019
m_570_2019,C1,pgm,primary_root_length,9.191,2019
m_571_2019,C1,pgm,primary_root_length,.113,2019
m_572_2019,C1,pgm,primary_root_length,5.188,2019
m_573_2019,C1,pgm,primary_root_length,.921,2019
m_574_2019,C1,pgm,primary_root_length,7.364,2019
m_575_2019,C1,pgm,primary_root_length,4.002,2019
m_576_2019,C1,pgm,primary_root_length,.335,2019
m_577_2019,C1,pgm,primary_root_length,6.834,2019
m_578_2019,C1,pgm,primary_root_length,.783,2019
m_579_2019,C1,pgm,primary_root_length,6.687,2019
m_580_2019,C2,pgm,primary_root_length,6.266,2019
m_581_2019,C2,pgm,primary_root_length,1.833,2019
m_582_2019,C2,pgm,primary_root_length,.77,2019
m_583_2019,C2,pgm,primary_root_length,9.815,2019
m_584_2019,C2,pgm,primary_root_length,8.39,2019
m_585_2019,C2,pgm,primary_root_length,7.701,2019
m_586_2019,C2,pgm,primary_root_length,7.069,2019
m_587_2019,C2,pgm,primary_root_length,4.894,2019
m_588_2019,C2,pgm,primary_root_length,7.822,2019
m_589_2019,C2,pgm,primary_root_length,8.233,2019
m_590_2019,C2,pgm,primary_root_length,8.044,2019
m_591_2019,C2,pgm,primary_root_length,6.691,2019
m_592_2019,C2,pgm,primary_root_length,10.452,2019
m_593_2019,C2,pgm,primary_root_length,2.578,2019
m_594_2019,C2,pgm,primary_root_length,7.307,2019
m_595_2019,C2,pgm,primary_root_length,8.576,2019
m_596_2019,C2,pgm,primary_root_length,3.058,2019
m_597_2019,C2,pgm,primary_root_length,4.906,2019
m_598_2019,C2,pgm,primary_root_length,6.146,2019
m_599_2019,C2,pgm,primary_root_length,1.614,2019
m_600_2019,C2,pgm,primary_root_length,9.907,2019
m_601_2019,C2,pgm,primary_root_length,10.207,2019
m_602_2019,C2,pgm,primary_root_length,.993,2019
m_603_2019,C2,pgm,primary_root_length,9.264,2019
m_604_2019,C2,pgm,primary_root_length,1.201,2019
m_605_2019,C2,pgm,primary_root_length,9.884,2019
m_606_2019,C2,pgm,primary_root_length,10.7,2019
m_607_2019,C2,pgm,primary_root_length,8.94,2019
m_608_2019,C2,pgm,primary_root_length,4.095,2019
m_609_2019,C2,pgm,primary_root_length,11.152,2019
m_610_2019,C2,pgm,primary_root_length,5.735,2019
m_611_2019,C2,pgm,primary_root_length,4.635,2019
m_612_2019,C2,pgm,primary_root_length,5.703,2019
m_613_2019,C3,pgm,primary_root_length,.296,2019
m_614_2019,C3,pgm,primary_root_length,5.412,2019
m_615_2019,C3,pgm,primary_root_length,2.807,2019
m_616_2019,C3,pgm,primary_root_length,4.682,2019
m_617_2019,C3,pgm,primary_root_length,3.533,2019
m_618_2019,C3,pgm,primary_root_length,3.988,2019
m_619_2019,C3,pgm,primary_root_length,.738,2019
m_620_2019,C3,pgm,primary_root_length,.301,2019
m_621_2019,C3,pgm,primary_root_length,7.427,2019
m_622_2019,C3,pgm,primary_root_length,2.012,2019
m_623_2019,C3,pgm,primary_root_length,4.054,2019
m_624_2019,C3,pgm,primary_root_length,7.383,2019
m_625_2019,C3,pgm,primary_root_length,5.232,2019
m_626_2019,C3,pgm,primary_root_length,2.31,2019
m_627_2019,C3,pgm,primary_root_length,4.117,2019
m_628_2019,C3,pgm,primary_root_length,.973,2019
m_629_2019,C3,pgm,primary_root_length,.816,2019
m_630_2019,C3,pgm,primary_root_length,.477,2019
m_631_2019,C3,pgm,primary_root_length,.481,2019
m_632_2019,C3,pgm,primary_root_length,1.043,2019
m_633_2019,C3,pgm,primary_root_length,5.066,2019
m_634_2019,C3,pgm,primary_root_length,6.869,2019
m_635_2019,C3,pgm,primary_root_length,1.221,2019
m_636_2019,C3,pgm,primary_root_length,.461,2019
m_637_2019,C3,pgm,primary_root_length,.48,2019
m_638_2019,C3,pgm,primary_root_length,.257,2019
m_639_2019,C3,pgm,primary_root_length,.341,2019
m_640_2019,C3,pgm,primary_root_length,.437,2019
m_641_2019,C3,pgm,primary_root_length,7.435,2019
m_642_2019,C3,pgm,primary_root_length,3.596,2019
m_643_2019,C3,pgm,primary_root_length,.592,2019
m_644_2019,C3,pgm,primary_root_length,1.372,2019
m_645_2019,C3,pgm,primary_root_length,5.902,2019
m_646_2019,C3,pgm,primary_root_length,4.844,2019
m_647_2019,C3,pgm,primary_root_length,2.602,2019
m_648_2019,C4,pgm,primary_root_length,1.104,2019
m_649_2019,C4,pgm,primary_root_length,6.729,2019
m_650_2019,C4,pgm,primary_root_length,6.499,2019
m_651_2019,C4,pgm,primary_root_length,5.242,2019
m_652_2019,C4,pgm,primary_root_length,8.629,2019
m_653_2019,C4,pgm,primary_root_length,11.128,2019
m_654_2019,C4,pgm,primary_root_length,3.175,2019
m_655_2019,C4,pgm,primary_root_length,6.247,2019
m_656_2019,C4,pgm,primary_root_length,6.936,2019
m_657_2019,C4,pgm,primary_root_length,7.981,2019
m_658_2019,C4,pgm,primary_root_length,9.909,2019
m_659_2019,C4,pgm,primary_root_length,12.402,2019
m_660_2019,C4,pgm,primary_root_length,5.411,2019
m_661_2019,C4,pgm,primary_root_length,5.286,2019
m_662_2019,C4,pgm,primary_root_length,5.213,2019
m_663_2019,C4,pgm,primary_root_length,4.989,2019
m_664_2019,C4,pgm,primary_root_length,8.629,2019
m_665_2019,C4,pgm,primary_root_length,4.806,2019
m_666_2019,C4,pgm,primary_root_length,2.662,2019
m_667_2019,C4,pgm,primary_root_length,7.405,2019
m_668_2019,C4,pgm,primary_root_length,3.112,2019
m_669_2019,C4,pgm,primary_root_length,2.162,2019
m_670_2019,C4,pgm,primary_root_length,5.031,2019
m_671_2019,C4,pgm,primary_root_length,9.263,2019
m_672_2019,C4,pgm,primary_root_length,4.338,2019
m_673_2019,C4,pgm,primary_root_length,2.267,2019
m_674_2019,C4,pgm,primary_root_length,4.088,2019
m_675_2019,C4,pgm,primary_root_length,1.318,2019
m_676_2019,C4,pgm,primary_root_length,2.374,2019
m_677_2019,C4,pgm,primary_root_length,7.61,2019
m_678_2019,C4,pgm,primary_root_length,3.764,2019
m_679_2019,C4,pgm,primary_root_length,7.034,2019
m_680_2019,C4,pgm,primary_root_length,8.894,2019
m_681_2019,C4,pgm,primary_root_length,4.828,2019
m_682_2019,C4,pgm,primary_root_length,7.267,2019
m_683_2019,C4,pgm,primary_root_length,6.782,2019
m_684_2019,C4,pgm,primary_root_length,7.619,2019
m_685_2019,C4,pgm,primary_root_length,3.322,2019
m_686_2019,C4,pgm,primary_root_length,1.948,2019
m_687_2019,C4,pgm,primary_root_length,5.653,2019
m_688_2019,C4,pgm,primary_root_length,6.106,2019
m_689_2019,C4,pgm,primary_root_length,2.855,2019
m_690_2019,C5,pgm,primary_root_length,1.436,2019
m_691_2019,C5,pgm,primary_root_length,1.277,2019
m_692_2019,C5,pgm,primary_root_length,5.999,2019
m_693_2019,C5,pgm,primary_root_length,5.879,2019
m_694_2019,C5,pgm,primary_root_length,.596,2019
m_695_2019,C5,pgm,primary_root_length,1.494,2019
m_696_2019,C5,pgm,primary_root_length,.547,2019
m_697_2019,C5,pgm,primary_root_length,.501,2019
m_698_2019,C5,pgm,primary_root_length,1.403,2019
m_699_2019,C5,pgm,primary_root_length,2.938,2019
m_700_2019,C5,pgm,primary_root_length,.479,2019
m_701_2019,C5,pgm,primary_root_length,2.525,2019
m_702_2019,C5,pgm,primary_root_length,.231,2019
m_703_2019,C5,pgm,primary_root_length,2.238,2019
m_704_2019,C5,pgm,primary_root_length,5.884,2019
m_705_2019,C5,pgm,primary_root_length,4.548,2019
m_706_2019,C5,pgm,primary_root_length,6.447,2019
m_707_2019,C5,pgm,primary_root_length,2.298,2019
m_708_2019,C5,pgm,primary_root_length,2.802,2019
m_709_2019,C5,pgm,primary_root_length,3.638,2019
m_710_2019,C5,pgm,primary_root_length,3.872,2019
m_711_2019,C5,pgm,primary_root_length,.365,2019
m_712_2019,C5,pgm,primary_root_length,.746,2019
m_713_2019,C5,pgm,primary_root_length,5.765,2019
m_714_2019,C5,pgm,primary_root_length,5.521,2019
m_715_2019,C5,pgm,primary_root_length,.837,2019
m_716_2019,C5,pgm,primary_root_length,.999,2019
m_717_2019,C5,pgm,primary_root_length,.546,2019
m_718_2019,C5,pgm,primary_root_length,2.956,2019
m_719_2019,C5,pgm,primary_root_length,.766,2019
m_720_2019,C5,pgm,primary_root_length,.989,2019
m_721_2019,C5,pgm,primary_root_length,.197,2019
m_722_2019,C4,sex1,primary_root_length,10.47,2019
m_723_2019,C3,pgm,primary_root_length,.425,2019
m_724_2019,C3,nrt2.5*nrt2.6,primary_root_length,5.612,2019
m_725_2019,C3,nrt2.5*nrt2.6,primary_root_length,9.008,2019
m_726_2019,C3,nrt2.5*nrt2.6,primary_root_length,7.411,2019
m_727_2019,C3,nrt2.5*nrt2.6,primary_root_length,9.007,2019
m_728_2019,C3,nrt2.5*nrt2.6,primary_root_length,11.646,2019
m_729_2019,C3,nrt2.5*nrt2.6,primary_root_length,10.496,2019
m_730_2019,C5,nrt2.5*nrt2.6,primary_root_length,4.425,2019
m_731_2019,C5,nrt2.5*nrt2.6,primary_root_length,10.078,2019
m_732_2019,C5,nrt2.5*nrt2.6,primary_root_length,5.849,2019
m_733_2019,C5,nrt2.5*nrt2.6,primary_root_length,7.106,2019
m_734_2019,C5,nrt2.5*nrt2.6,primary_root_length,4.541,2019
m_735_2019,C5,nrt2.5*nrt2.6,primary_root_length,10.475,2019
